id,first_name,last_name,email,dob
1,Lee,Over,lover0@google.co.jp,1977-12-16
2,Falito,Knowlys,fknowlys1@adobe.com,1972-06-17
3,Roland,Footsford,rhansford2@gmpg.org,1991-01-22
4,Stillmann,Layne,slayne3@phoca.cz,1973-06-22
7,Sebastian,Insull,sinsull6@phpbb.com,1951-02-19
8,Logan,Duprey,lduprey7@pinterest.com,2002-07-05
9,Margaux,Evequot,mevequot8@berkeley.edu,1968-10-15
10,Annemarie,Place,aplace9@dyndns.org,2002-07-31
11,Ada,Lovelace,ada@lovelace.com,2015-12-10
